,absorbance,type,hyp_conc,treatment,well,replicate,time_h,stdcurve_group,abs_corr,concentration,avg_conc,ID,max_conc,f_R
21,1.921,sample,,Control,1,1.0,0.0,a,1.8746666666666667,10.475172688238208,10.339101847269228,Control_0_1.0,10.437886128081407,0.9905359878810694
24,1.906,sample,,high,1,1.0,0.0,a,1.8596666666666666,10.390128412632595,10.560216963843821,high_0_1.0,10.560216963843821,1.0
27,1.849,sample,,high,1,2.0,0.0,a,1.8026666666666666,10.066960165331267,10.690618186439094,high_0_2.0,10.690618186439094,1.0
30,1.915,sample,,high,1,3.0,0.0,a,1.8686666666666667,10.441154977995964,10.768102970879765,high_0_3.0,10.768102970879765,1.0
33,1.736,sample,,medium,1,1.0,0.0,a,1.6896666666666667,9.426293289102318,9.490548964004336,medium_0_1.0,9.490548964004336,1.0
36,1.911,sample,,medium,1,2.0,0.0,a,1.8646666666666667,10.418476504501134,10.86448648323279,medium_0_2.0,10.86448648323279,1.0
39,2.006,sample,,medium,1,3.0,0.0,a,1.9596666666666664,10.957090250003345,10.923072539761101,medium_0_3.0,10.923072539761101,1.0
42,1.827,sample,,lower,1,1.0,0.0,a,1.7806666666666666,9.942228561109701,10.063180419748795,lower_0_1.0,10.072228984987786,0.9991016322948497
45,1.98,sample,,lower,1,2.0,0.0,a,1.9336666666666666,10.809680172286951,10.794561189957065,lower_0_2.0,10.794561189957065,1.0
48,1.984,sample,,lower,1,3.0,0.0,a,1.9376666666666666,10.832358645781781,11.004337069784242,lower_0_3.0,11.004337069784242,1.0
51,1.506,sample,,Control,1,1.0,54.5,a,1.4596666666666667,8.12228106314959,8.46245816557204,Control_54_1.0,10.437886128081407,0.8107444420959139
54,1.7269999999999999,sample,,Control,1,1.0,33.5,a,1.6806666666666665,9.37526672373895,9.142812370416943,Control_33_1.0,10.437886128081407,0.8759256671539765
57,1.921,sample,,Control,1,1.0,71.0,a,1.8746666666666667,10.475172688238208,10.339101847269228,Control_71_1.0,10.437886128081407,0.9905359878810694
60,1.4269999999999998,sample,,high,1,1.0,33.5,a,1.3806666666666665,7.674381211626696,7.474054695755697,high_33_1.0,10.560216963843821,0.7077557896154446
63,1.4580000000000002,sample,,high,1,2.0,33.5,a,1.4116666666666668,7.850139381211631,7.685720448374112,high_33_2.0,10.690618186439094,0.7189219850843934
66,1.355,sample,,high,1,3.0,33.5,a,1.3086666666666666,7.266168688719755,7.587447063229848,high_33_3.0,10.768102970879765,0.7046224468458947
69,1.659,sample,,medium,1,1.0,33.5,a,1.6126666666666667,8.98973267432684,8.951935218502122,medium_33_1.0,9.490548964004336,0.9432473561281793
72,1.599,sample,,medium,1,2.0,33.5,a,1.5526666666666666,8.649555571904388,8.67223404539922,medium_33_2.0,10.86448648323279,0.7982184946139071
75,1.5290000000000001,sample,,medium,1,3.0,33.5,a,1.4826666666666668,8.252682285744863,8.628766971200795,medium_33_3.0,10.923072539761101,0.7899578566187491
78,1.804,sample,,lower,1,1.0,33.5,a,1.7576666666666667,9.81182733851443,9.458421126553327,lower_33_1.0,10.072228984987786,0.9390593820544278
81,1.7369999999999999,sample,,lower,1,2.0,33.5,a,1.6906666666666665,9.431962907476025,9.898761486911276,lower_33_2.0,10.794561189957065,0.9170137917343769
84,1.851,sample,,lower,1,3.0,33.5,a,1.8046666666666666,10.078299402078683,9.532126165411526,lower_33_3.0,11.004337069784242,0.8662153935274194
108,0.555,sample,,high,1,1.0,71.0,b,0.5086666666666667,2.8606575517525425,2.714394694515095,high_71_1.0,10.560216963843821,0.2570396710416715
111,0.532,sample,,high,1,2.0,71.0,b,0.4856666666666667,2.720488980233322,2.7123632659423524,high_71_2.0,10.690618186439094,0.25371435202717735
114,0.579,sample,,high,1,3.0,71.0,b,0.5326666666666666,3.006920408989989,2.852531837461573,high_71_3.0,10.768102970879765,0.26490569835519673
117,0.8540000000000001,sample,,medium,1,1.0,71.0,b,0.8076666666666668,4.682848981502406,4.58940326715626,medium_71_1.0,9.490548964004336,0.48357616451513025
120,0.7559999999999999,sample,,medium,1,2.0,71.0,b,0.7096666666666666,4.085608981116162,4.213588981198929,medium_71_2.0,10.86448648323279,0.38783139798662175
123,0.759,sample,,medium,1,3.0,71.0,b,0.7126666666666667,4.103891838270844,4.40657469560945,medium_71_3.0,10.923072539761101,0.4034189720492167
126,1.2690000000000001,sample,,lower,1,1.0,71.0,b,1.2226666666666668,7.211977554566598,7.000708983001395,lower_71_1.0,10.072228984987786,0.6950506182331283
129,1.271,sample,,lower,1,2.0,71.0,b,1.2246666666666666,7.22416612600305,7.014928983010591,lower_71_2.0,10.794561189957065,0.6498577255309896
132,1.268,sample,,lower,1,3.0,71.0,b,1.2216666666666667,7.20588326884837,7.098217554493026,lower_71_3.0,11.004337069784242,0.645038179899391
135,1.8730000000000002,sample,,Control,1,1.0,83.0,b,1.8266666666666669,10.892926128375686,10.437886128081407,Control_83_1.0,10.437886128081407,1.0
138,0.17300000000000001,sample,,high,1,1.0,83.0,b,0.12666666666666668,0.5326404073898411,0.5854575502811413,high_83_1.0,10.560216963843821,0.0554399168393639
141,0.187,sample,,high,1,2.0,83.0,b,0.14066666666666666,0.6179604074450185,0.5915518359993683,high_83_2.0,10.690618186439094,0.055333735213717004
144,0.16,sample,,high,1,3.0,83.0,b,0.11366666666666667,0.4534146930528904,0.5001375502259638,high_83_3.0,10.768102970879765,0.04644620798839762
147,1.767,sample,,Control,1,1.0,91.0,b,1.7206666666666666,10.246931842243626,10.070197556415044,Control_91_1.0,10.437886128081407,0.9647736555894054
150,0.491,sample,,medium,1,1.0,83.0,b,0.44466666666666665,2.470623265786016,2.5803204087141016,medium_83_1.0,9.490548964004336,0.2718831564433961
153,0.521,sample,,medium,1,2.0,83.0,b,0.4746666666666667,2.6534518373328253,2.809871837433984,medium_83_2.0,10.86448648323279,0.25862905179830376
156,0.515,sample,,medium,1,3.0,83.0,b,0.4686666666666667,2.6168861230234635,2.5742261229958747,medium_83_3.0,10.923072539761101,0.23566868329633703
159,0.981,sample,,lower,1,1.0,83.0,b,0.9346666666666666,5.456823267717231,4.892086124494864,lower_83_1.0,10.072228984987786,0.4857004474169822
162,1.058,sample,,lower,1,2.0,83.0,b,1.0116666666666667,5.926083268020707,6.200326125340919,lower_83_2.0,10.794561189957065,0.57439353172684
165,1.061,sample,,lower,1,3.0,83.0,b,1.0146666666666666,5.944366125175388,6.387217554033214,lower_83_3.0,11.004337069784242,0.5804272909425198
168,0.121,sample,,high,1,1.0,91.0,b,0.07466666666666666,0.21573755004203868,0.20151755003284244,high_91_1.0,10.560216963843821,0.0190827092589859
171,0.272,sample,,medium,1,1.0,91.0,b,0.22566666666666668,1.135974693494311,1.1380061220670532,medium_91_1.0,9.490548964004336,0.11990940949604412
174,0.523,sample,,lower,1,1.0,91.0,b,0.4766666666666667,2.6656404087692795,2.9358204089440085,lower_91_1.0,10.072228984987786,0.2914767340297485
177,0.47700000000000004,sample,,lower,1,2.0,91.0,b,0.4306666666666667,2.385303265730839,2.2918575513846924,lower_91_2.0,10.794561189957065,0.21231595347451157
180,0.563,sample,,lower,1,3.0,91.0,b,0.5166666666666666,2.9094118374983577,2.9134746946438423,lower_91_3.0,11.004337069784242,0.264756947753234
183,0.099,sample,,high,1,2.0,91.0,b,0.05266666666666667,0.08166326424104545,0.13244897855960355,high_91_2.0,10.690618186439094,0.012389272187048389
186,0.10099999999999999,sample,,high,1,3.0,91.0,b,0.054666666666666655,0.0938518356774993,0.10807183568669561,high_91_3.0,10.768102970879765,0.010036292927264424
189,0.293,sample,,medium,1,2.0,91.0,b,0.24666666666666665,1.263954693577077,1.3350546936230583,medium_91_2.0,10.86448648323279,0.1228824478435731
192,0.27699999999999997,sample,,medium,1,3.0,91.0,b,0.23066666666666663,1.1664461220854454,1.383808979368874,medium_91_3.0,10.923072539761101,0.12668678838592967
195,1.085,sample,,high,1,1.0,54.5,b,1.0386666666666666,6.090628982412835,5.664028982136948,high_54_1.0,10.560216963843821,0.5363553610242582
198,0.948,sample,,high,1,2.0,54.5,b,0.9016666666666666,5.25571183901574,5.416194696262384,high_54_2.0,10.690618186439094,0.5066306364895488
201,0.9309999999999999,sample,,high,1,3.0,54.5,b,0.8846666666666666,5.152108981805882,5.29024612475236,high_54_3.0,10.768102970879765,0.49128858992700936
204,1.286,sample,,medium,1,1.0,54.5,b,1.2396666666666667,7.315580411776455,7.116500411647707,medium_54_1.0,9.490548964004336,0.7498512929693637
207,1.197,sample,,medium,1,2.0,54.5,b,1.1506666666666667,6.773188982854256,6.761000411417801,medium_54_2.0,10.86448648323279,0.6223028048175202
210,1.253,sample,,medium,1,3.0,54.5,b,1.2066666666666666,7.114468983074965,6.8321004114637836,medium_54_3.0,10.923072539761101,0.6254742323274188
213,1.7369999999999999,sample,,lower,1,1.0,54.5,b,1.6906666666666665,10.064103270696817,10.072228984987786,lower_54_1.0,10.072228984987786,1.0
216,1.52,sample,,lower,1,2.0,54.5,b,1.4736666666666667,8.741643269841566,9.239343270163436,lower_54_2.0,10.794561189957065,0.8559257859188796
219,1.379,sample,,lower,1,3.0,54.5,b,1.3326666666666667,7.882348983571564,8.520217555412652,lower_54_3.0,11.004337069784242,0.7742599578131338
